zone_id,production,attraction,geometry
1,0.000000,0.000000,"<Polygon><outerBoundaryIs><LinearRing><coordinates>17.343010,45.327310,0.0 2.014218,15.169579,0.0 38.336789,20.001481,0.0 17.343010,44.827458,0.0 17.343010,45.327310,0.0</coordinates></LinearRing></outerBoundaryIs></Polygon>"
12,0.000000,0.000000,"<Polygon><outerBoundaryIs><LinearRing><coordinates>158.634478,45.327310,0.0 140.306575,23.000592,0.0 179.295023,12.503703,0.0 158.801095,45.160693,0.0 158.634478,45.327310,0.0</coordinates></LinearRing></outerBoundaryIs></Polygon>"
