origin_zone_no,destination_zone_no,number_of_vehicles,number_of_vehicles_completing_trips,trip_time_in_min,distance_in_mile
1,2,1000,1000,17.5118,10.095
1,3,200,200,17.703,10.1021
2,1,1000,1000,0.3618,0.189941
2,4,200,200,0.4255,0.19304
3,2,200,200,1.0545,0.19716
3,4,1000,1000,1.1958,0.200119
4,1,200,200,0.37,0.1929
4,3,1000,1000,0.3766,0.200119
