zone_id,total_production_capacity,total_production,avg_production_distance,total_attraction_capacity,total_attraction,avg_attraction_distance,geometry
1,2700.000000,1600,10.097629,2700.000000,3600,0.190433,"<Polygon><outerBoundaryIs><LinearRing><coordinates>49.872782,24.839774,0.0 49.931921,24.837023,0.0 49.950488,24.788199,0.0 49.841837,24.773071,0.0 49.876220,24.838399,0.0 49.872782,24.839774,0.0"</coordinates></LinearRing></outerBoundaryIs></Polygon>"
2,2700.000000,3600,0.190459,2700.000000,1600,6.383345,"<Polygon><outerBoundaryIs><LinearRing><coordinates>49.870719,25.044698,0.0 49.947050,25.035759,0.0 49.953239,24.959428,0.0 49.865218,24.968367,0.0 49.865218,24.968367,0.0 49.870719,25.044698,0.0"</coordinates></LinearRing></outerBoundaryIs></Polygon>"
3,2700.000000,3600,0.199634,2700.000000,3600,1.850485,"<Polygon><outerBoundaryIs><LinearRing><coordinates>49.767569,24.957365,0.0 49.834960,24.934672,0.0 49.835648,24.878971,0.0 49.735249,24.874157,0.0 49.771695,24.960803,0.0 49.767569,24.957365,0.0"</coordinates></LinearRing></outerBoundaryIs></Polygon>"
4,2700.000000,3600,0.198923,2700.000000,3600,0.198949,"<Polygon><outerBoundaryIs><LinearRing><coordinates>49.964929,24.947737,0.0 50.050200,24.949113,0.0 50.058452,24.852152,0.0 49.953926,24.854215,0.0 49.965617,24.944987,0.0 49.964929,24.947737,0.0"</coordinates></LinearRing></outerBoundaryIs></Polygon>"
